﻿<?xml version="1.0" encoding="utf-8" standalone="no" ?>
<modDesc descVersion="22">
	<version>4.01.0000</version>
	<author><![CDATA[Courseplay Dev Team]]></author>
	<title>
		<br>Courseplay</br>
		<cs>Courseplay 全程驾驶助手</cs>
		<cz>Courseplay</cz>
		<de>Courseplay</de>
		<en>Courseplay</en>
		<es>Courseplay</es>
		<fr>Courseplay</fr>
		<hu>Courseplay - A Vezetősegéd</hu>
		<it>Courseplay</it>
		<nl>Courseplay</nl>
		<pt>Courseplay</pt>
		<ru>Courseplay</ru>
	</title>

	<description>
		<br>
<![CDATA[Desenvolvedores: Jakob Tischler, Thomas Gärtner, Satis

Tradutores: [BR] Admilson, [CS] Simba76, [CZ] Albi, [ES] JFMtb, PromGames, [FR] Gui7545, [HU] Chris von Bone, [IT] JD7530, Cristiano Magro, [NL] Pewemo, [PT] PTAzores], [RU] Bernelli]]>
		</br>
		<cs>
<![CDATA[开发成员: Jakob Tischler, Thomas Gärtner, Satis

语言支持: [BR] Admilson, [CS] Simba76, [CZ] Albi, [ES] JFMtb, PromGames, [FR] Gui7545, [HU] Chris von Bone, [IT] JD7530, Cristiano Magro, [NL] Pewemo, [PT] PTAzores], [RU] Bernelli]]>
		</cs>
		<cz>
<![CDATA[Vývojáři: Jakob Tischler, Thomas Gärtner, Satis

Překlady: [BR] Admilson, [CS] Simba76, [CZ] Albi, [ES] JFMtb, PromGames, [FR] Gui7545, [HU] Chris von Bone, [IT] JD7530, Cristiano Magro, [NL] Pewemo, [PT] PTAzores], [RU] Bernelli]]>
		</cz>
		<de>
<![CDATA[Entwickler: Jakob Tischler, Thomas Gärtner, Satis

Übersetzungen: [BR] Admilson, [CS] Simba76, [CZ] Albi, [ES] JFMtb, PromGames, [FR] Gui7545, [HU] Chris von Bone, [IT] JD7530, Cristiano Magro, [NL] Pewemo, [PT] PTAzores], [RU] Bernelli]]>
		</de>
		<en>
<![CDATA[Developers: Jakob Tischler, Thomas Gärtner, Satis

Translations: [BR] Admilson, [CS] Simba76, [CZ] Albi, [ES] JFMtb, PromGames, [FR] Gui7545, [HU] Chris von Bone, [IT] JD7530, Cristiano Magro, [NL] Pewemo, [PT] PTAzores], [RU] Bernelli]]>
		</en>
		<es>
<![CDATA[Desarrolladores: Jakob Tischler, Thomas Gärtner, Satis

Tradduciónes: [BR] Admilson, [CS] Simba76, [CZ] Albi, [ES] JFMtb, PromGames, [FR] Gui7545, [HU] Chris von Bone, [IT] JD7530, Cristiano Magro, [NL] Pewemo, [PT] PTAzores], [RU] Bernelli]]>
		</es>
		<fr>
<![CDATA[Développeurs: Jakob Tischler, Thomas Gärtner, Satis

Traductions: [BR] Admilson, [CS] Simba76, [CZ] Albi, [ES] JFMtb, PromGames, [FR] Gui7545, [HU] Chris von Bone, [IT] JD7530, Cristiano Magro, [NL] Pewemo, [PT] PTAzores], [RU] Bernelli]]>
		</fr>
		<it>
<![CDATA[Sviluppatori: Jakob Tischler, Thomas Gärtner, Satis

Traduzioni: [BR] Admilson, [CS] Simba76, [CZ] Albi, [ES] JFMtb, PromGames, [FR] Gui7545,[HU] Chris von Bone, [IT] JD7530, Cristiano Magro, [NL] Pewemo, [PT] PTAzores], [RU] Bernelli]]>
		</it>
		<hu>
<![CDATA[Készítők: Jakob Tischler, Thomas Gärtner, Satis

Fordítók: [BR] Admilson, [CS] Simba76, [CZ] Albi, [ES] JFMtb, PromGames, [FR] Gui7545, [HU] Chris von Bone, [IT] JD7530, Cristiano Magro, [NL] Pewemo, [PT] PTAzores], [RU] Bernelli]]>
		</hu>
		<nl>
<![CDATA[Ontwikkelaars: Jakob Tischler, Thomas Gärtner, Satis

Vertaling: [BR] Admilson, [CS] Simba76, [CZ] Albi, [ES] JFMtb, PromGames, [FR] Gui7545, [HU] Chris von Bone, [IT] JD7530, Cristiano Magro, [NL] Pewemo, [PT] PTAzores], [RU] Bernelli]]>
		</nl>
		<pt>
<![CDATA[Desenvolvedores: Jakob Tischler, Thomas Gärtner, Satis

Tradutores: [BR] Admilson, [CS] Simba76, [CZ] Albi, [ES] JFMtb, PromGames, [FR] Gui7545, [HU] Chris von Bone, [IT] JD7530, Cristiano Magro, [NL] Pewemo, [PT] PTAzores], [RU] Bernelli]]>
		</pt>
		<ru>
<![CDATA[Разработка: Jakob Tischler, Thomas Gärtner, Satis

Переводчики: [BR] Admilson, [CS] Simba76, [CZ] Albi, [ES] JFMtb, PromGames, [FR] Gui7545, [HU] Chris von Bone, [IT] JD7530, Cristiano Magro, [NL] Pewemo, [PT] PTAzores], [RU] Bernelli]]>
		</ru>
	</description>

	<multiplayer supported="false" />
	<iconFilename>img/store.dds</iconFilename>
	<l10n filenamePrefix="translations/translation" /> <!-- load translations from "translations/translation_<language>.xml file -->

	<extraSourceFiles>
		<sourceFile filename="register.lua" />
	</extraSourceFiles>

	<inputBindings>
		<input name="COURSEPLAY_MODIFIER"				category="VEHICLE"	key1="KEY_lctrl"	key2="" button="" device="0" mouse=""					/>
		<input name="COURSEPLAY_HUD"					category="VEHICLE"	key1="KEY_delete"	key2="" button="" device="0" mouse=""					/>
		<input name="COURSEPLAY_MENU_ACCEPT_SECONDARY"	category="VEHICLE"	key1="KEY_KP_enter"	key2="" button="" device="0" mouse=""					/>
		<input name="COURSEPLAY_START_STOP"				category="VEHICLE"	key1="KEY_KP_7"		key2="" button="" device="0" mouse=""					/>
		<input name="COURSEPLAY_CANCELWAIT"				category="VEHICLE"	key1="KEY_KP_8"		key2="" button="" device="0" mouse=""					/>
		<input name="COURSEPLAY_DRIVENOW"				category="VEHICLE"	key1="KEY_KP_9"		key2="" button="" device="0" mouse=""					/>
		<input name="COURSEPLAY_MOUSEACTION_PRIMARY"	category="VEHICLE"	key1=""				key2="" button="" device="0" mouse="MOUSE_BUTTON_LEFT"	/>
		<input name="COURSEPLAY_MOUSEACTION_SECONDARY"	category="VEHICLE"	key1=""				key2="" button="" device="0" mouse="MOUSE_BUTTON_RIGHT"	/>
	</inputBindings>

</modDesc>
